-65,-88,-79,1,0,0,0,0,0,0
-65,-88,-78,1,0,0,0,0,0,0
-64,-88,-78,1,0,0,0,0,0,0
-64,-85,-77,1,0,0,0,0,0,0
-63,-88,-78,1,0,0,0,0,0,0
-64,-87,-79,1,0,0,0,0,0,0
-64,-87,-78,1,0,0,0,0,0,0
-63,-86,-78,1,0,0,0,0,0,0
-64,-87,-78,1,0,0,0,0,0,0
-65,-87,-78,1,0,0,0,0,0,0
-65,-88,-78,1,0,0,0,0,0,0
-64,-87,-78,1,0,0,0,0,0,0
-64,-88,-79,1,0,0,0,0,0,0
-62,-85,-77,1,0,0,0,0,0,0
-63,-88,-78,1,0,0,0,0,0,0
-68,-86,-82,1,0,0,0,0,0,0
-67,-87,-82,1,0,0,0,0,0,0
-67,-86,-83,1,0,0,0,0,0,0
-67,-87,-83,1,0,0,0,0,0,0
-68,-88,-82,1,0,0,0,0,0,0
-68,-87,-83,1,0,0,0,0,0,0
-68,-86,-82,1,0,0,0,0,0,0
-68,-87,-81,1,0,0,0,0,0,0
-67,-88,-83,1,0,0,0,0,0,0
-68,-88,-83,1,0,0,0,0,0,0
-67,-86,-83,1,0,0,0,0,0,0
-68,-87,-82,1,0,0,0,0,0,0
-67,-86,-83,1,0,0,0,0,0,0
-68,-87,-82,1,0,0,0,0,0,0
-67,-87,-81,1,0,0,0,0,0,0
-67,-87,-81,1,0,0,0,0,0,0
-68,-84,-82,1,0,0,0,0,0,0
-66,-86,-82,1,0,0,0,0,0,0
-68,-87,-83,1,0,0,0,0,0,0
-68,-86,-84,1,0,0,0,0,0,0
-67,-86,-82,1,0,0,0,0,0,0
-68,-86,-83,1,0,0,0,0,0,0
-67,-87,-82,1,0,0,0,0,0,0
-67,-88,-83,1,0,0,0,0,0,0
-68,-88,-81,1,0,0,0,0,0,0
-66,-87,-81,1,0,0,0,0,0,0
-67,-88,-82,1,0,0,0,0,0,0
-67,-87,-84,1,0,0,0,0,0,0
-67,-88,-82,1,0,0,0,0,0,0
-68,-87,-82,1,0,0,0,0,0,0
-67,-87,-82,1,0,0,0,0,0,0
-68,-88,-82,1,0,0,0,0,0,0
-67,-87,-82,1,0,0,0,0,0,0
-67,-86,-82,1,0,0,0,0,0,0
-65,-84,-82,1,0,0,0,0,0,0
-66,-85,-82,1,0,0,0,0,0,0
-65,-84,-81,1,0,0,0,0,0,0
-66,-85,-83,1,0,0,0,0,0,0
-66,-84,-82,1,0,0,0,0,0,0
-65,-85,-83,1,0,0,0,0,0,0
-66,-85,-82,1,0,0,0,0,0,0
-65,-84,-82,1,0,0,0,0,0,0
-65,-85,-82,1,0,0,0,0,0,0
-65,-87,-83,1,0,0,0,0,0,0
-65,-86,-82,1,0,0,0,0,0,0
-66,-84,-81,1,0,0,0,0,0,0
-66,-84,-82,1,0,0,0,0,0,0
-65,-84,-82,1,0,0,0,0,0,0
-65,-84,-80,1,0,0,0,0,0,0
-65,-84,-82,1,0,0,0,0,0,0
-65,-86,-82,1,0,0,0,0,0,0
-67,-85,-82,1,0,0,0,0,0,0
-65,-84,-81,1,0,0,0,0,0,0
-66,-83,-82,1,0,0,0,0,0,0
-65,-86,-82,1,0,0,0,0,0,0
-66,-85,-82,1,0,0,0,0,0,0
-67,-87,-82,1,0,0,0,0,0,0
-65,-84,-82,1,0,0,0,0,0,0
-65,-85,-83,1,0,0,0,0,0,0
-65,-84,-82,1,0,0,0,0,0,0
-67,-85,-81,1,0,0,0,0,0,0
-66,-86,-82,1,0,0,0,0,0,0
-66,-85,-82,1,0,0,0,0,0,0
-65,-84,-81,1,0,0,0,0,0,0
-66,-85,-83,1,0,0,0,0,0,0
-65,-84,-81,1,0,0,0,0,0,0
-65,-84,-82,1,0,0,0,0,0,0
-65,-86,-82,1,0,0,0,0,0,0
-65,-84,-81,1,0,0,0,0,0,0
-66,-86,-83,1,0,0,0,0,0,0
-65,-85,-83,1,0,0,0,0,0,0
-66,-86,-83,1,0,0,0,0,0,0
-65,-84,-84,1,0,0,0,0,0,0
-65,-84,-82,1,0,0,0,0,0,0
-66,-89,-82,1,0,0,0,0,0,0
-64,-88,-79,1,0,0,0,0,0,0
-64,-87,-78,1,0,0,0,0,0,0
-64,-87,-78,1,0,0,0,0,0,0
-64,-87,-78,1,0,0,0,0,0,0
-64,-89,-79,1,0,0,0,0,0,0
-64,-88,-78,1,0,0,0,0,0,0
-64,-88,-78,1,0,0,0,0,0,0
-64,-88,-78,1,0,0,0,0,0,0
-65,-87,-78,1,0,0,0,0,0,0
-64,-86,-78,1,0,0,0,0,0,0
-64,-87,-78,1,0,0,0,0,0,0
-65,-87,-78,1,0,0,0,0,0,0
-64,-88,-77,1,0,0,0,0,0,0
-65,-88,-78,1,0,0,0,0,0,0
-65,-88,-78,1,0,0,0,0,0,0
-65,-87,-78,1,0,0,0,0,0,0
-64,-88,-78,1,0,0,0,0,0,0
-64,-88,-79,1,0,0,0,0,0,0
-64,-87,-78,1,0,0,0,0,0,0
-64,-88,-78,1,0,0,0,0,0,0
-64,-88,-78,1,0,0,0,0,0,0
-65,-87,-79,1,0,0,0,0,0,0
-64,-88,-79,1,0,0,0,0,0,0
-64,-88,-78,1,0,0,0,0,0,0
-65,-88,-79,1,0,0,0,0,0,0
-65,-88,-78,1,0,0,0,0,0,0
-64,-88,-78,1,0,0,0,0,0,0
-64,-87,-78,1,0,0,0,0,0,0
-64,-89,-78,1,0,0,0,0,0,0
-64,-88,-78,1,0,0,0,0,0,0
-64,-88,-78,1,0,0,0,0,0,0
-65,-88,-78,1,0,0,0,0,0,0
-65,-87,-78,1,0,0,0,0,0,0
-64,-89,-78,1,0,0,0,0,0,0
-65,-88,-79,1,0,0,0,0,0,0
-64,-88,-78,1,0,0,0,0,0,0
-65,-89,-78,1,0,0,0,0,0,0
-65,-87,-79,1,0,0,0,0,0,0
-64,-87,-79,1,0,0,0,0,0,0
-65,-89,-78,1,0,0,0,0,0,0
-64,-89,-78,1,0,0,0,0,0,0
-64,-87,-78,1,0,0,0,0,0,0
-65,-88,-78,1,0,0,0,0,0,0
-64,-87,-78,1,0,0,0,0,0,0
-64,-88,-78,1,0,0,0,0,0,0
-65,-90,-78,1,0,0,0,0,0,0
-65,-87,-79,1,0,0,0,0,0,0
-68,-87,-82,1,0,0,0,0,0,0
-68,-87,-83,1,0,0,0,0,0,0
-68,-88,-83,1,0,0,0,0,0,0
-68,-86,-82,1,0,0,0,0,0,0
-68,-87,-83,1,0,0,0,0,0,0
-67,-87,-82,1,0,0,0,0,0,0
-68,-89,-83,1,0,0,0,0,0,0
-68,-86,-82,1,0,0,0,0,0,0
-67,-87,-83,1,0,0,0,0,0,0
-68,-87,-83,1,0,0,0,0,0,0
-68,-87,-83,1,0,0,0,0,0,0
-68,-87,-82,1,0,0,0,0,0,0
-68,-87,-81,1,0,0,0,0,0,0
-67,-87,-82,1,0,0,0,0,0,0
-68,-85,-81,1,0,0,0,0,0,0
-66,-87,-82,1,0,0,0,0,0,0
-67,-87,-82,1,0,0,0,0,0,0
-68,-88,-83,1,0,0,0,0,0,0
-67,-86,-82,1,0,0,0,0,0,0
-67,-87,-82,1,0,0,0,0,0,0
-68,-86,-82,1,0,0,0,0,0,0
-66,-86,-83,1,0,0,0,0,0,0
-67,-87,-82,1,0,0,0,0,0,0
-68,-88,-82,1,0,0,0,0,0,0
-67,-88,-82,1,0,0,0,0,0,0
-68,-87,-83,1,0,0,0,0,0,0
-67,-87,-83,1,0,0,0,0,0,0
-68,-87,-82,1,0,0,0,0,0,0
-69,-87,-82,1,0,0,0,0,0,0
-68,-87,-82,1,0,0,0,0,0,0
-67,-88,-80,1,0,0,0,0,0,0
-67,-87,-82,1,0,0,0,0,0,0
-67,-86,-82,1,0,0,0,0,0,0
-68,-88,-82,1,0,0,0,0,0,0
-65,-84,-82,1,0,0,0,0,0,0
-68,-85,-81,1,0,0,0,0,0,0
-65,-84,-82,1,0,0,0,0,0,0
-66,-84,-83,1,0,0,0,0,0,0
-66,-84,-82,1,0,0,0,0,0,0
-65,-84,-82,1,0,0,0,0,0,0
-65,-85,-82,1,0,0,0,0,0,0
-67,-86,-83,1,0,0,0,0,0,0
-66,-84,-82,1,0,0,0,0,0,0
-67,-85,-84,1,0,0,0,0,0,0
-65,-85,-82,1,0,0,0,0,0,0
-66,-85,-81,1,0,0,0,0,0,0
-65,-85,-82,1,0,0,0,0,0,0
-66,-85,-83,1,0,0,0,0,0,0
-66,-85,-82,1,0,0,0,0,0,0
-65,-85,-83,1,0,0,0,0,0,0
-65,-84,-83,1,0,0,0,0,0,0
-65,-83,-82,1,0,0,0,0,0,0
-66,-86,-83,1,0,0,0,0,0,0
-67,-83,-81,1,0,0,0,0,0,0
-66,-84,-81,1,0,0,0,0,0,0
-66,-85,-82,1,0,0,0,0,0,0
-66,-84,-83,1,0,0,0,0,0,0
-65,-84,-82,1,0,0,0,0,0,0
-67,-84,-82,1,0,0,0,0,0,0
-65,-84,-81,1,0,0,0,0,0,0
-66,-85,-82,1,0,0,0,0,0,0
-65,-86,-81,1,0,0,0,0,0,0
-66,-85,-82,1,0,0,0,0,0,0
-65,-79,-88,0,1,0,0,0,0,0
-65,-79,-88,0,1,0,0,0,0,0
-63,-78,-86,0,1,0,0,0,0,0
-65,-79,-89,0,1,0,0,0,0,0
-65,-79,-89,0,1,0,0,0,0,0
-65,-79,-88,0,1,0,0,0,0,0
-65,-79,-89,0,1,0,0,0,0,0
-65,-79,-89,0,1,0,0,0,0,0
-65,-79,-87,0,1,0,0,0,0,0
-65,-79,-88,0,1,0,0,0,0,0
-65,-79,-88,0,1,0,0,0,0,0
-65,-79,-89,0,1,0,0,0,0,0
-66,-79,-89,0,1,0,0,0,0,0
-65,-79,-88,0,1,0,0,0,0,0
-65,-78,-88,0,1,0,0,0,0,0
-65,-79,-89,0,1,0,0,0,0,0
-67,-79,-89,0,1,0,0,0,0,0
-68,-81,-90,0,1,0,0,0,0,0
-65,-79,-89,0,1,0,0,0,0,0
-65,-79,-88,0,1,0,0,0,0,0
-66,-80,-78,0,1,0,0,0,0,0
-68,-80,-81,0,1,0,0,0,0,0
-68,-79,-80,0,1,0,0,0,0,0
-67,-80,-80,0,1,0,0,0,0,0
-68,-79,-80,0,1,0,0,0,0,0
-68,-80,-79,0,1,0,0,0,0,0
-68,-79,-80,0,1,0,0,0,0,0
-68,-80,-79,0,1,0,0,0,0,0
-68,-80,-79,0,1,0,0,0,0,0
-68,-79,-80,0,1,0,0,0,0,0
-68,-80,-79,0,1,0,0,0,0,0
-68,-79,-80,0,1,0,0,0,0,0
-68,-80,-80,0,1,0,0,0,0,0
-68,-81,-79,0,1,0,0,0,0,0
-68,-79,-79,0,1,0,0,0,0,0
-68,-80,-80,0,1,0,0,0,0,0
-68,-79,-80,0,1,0,0,0,0,0
-68,-80,-80,0,1,0,0,0,0,0
-68,-79,-82,0,1,0,0,0,0,0
-68,-79,-80,0,1,0,0,0,0,0
-68,-79,-80,0,1,0,0,0,0,0
-68,-79,-79,0,1,0,0,0,0,0
-68,-79,-80,0,1,0,0,0,0,0
-68,-79,-80,0,1,0,0,0,0,0
-69,-80,-79,0,1,0,0,0,0,0
-68,-79,-80,0,1,0,0,0,0,0
-68,-79,-79,0,1,0,0,0,0,0
-68,-80,-80,0,1,0,0,0,0,0
-68,-79,-79,0,1,0,0,0,0,0
-69,-79,-81,0,1,0,0,0,0,0
-69,-79,-80,0,1,0,0,0,0,0
-68,-80,-79,0,1,0,0,0,0,0
-68,-80,-80,0,1,0,0,0,0,0
-68,-80,-80,0,1,0,0,0,0,0
-68,-79,-80,0,1,0,0,0,0,0
-68,-79,-79,0,1,0,0,0,0,0
-68,-79,-80,0,1,0,0,0,0,0
-68,-79,-80,0,1,0,0,0,0,0
-68,-79,-80,0,1,0,0,0,0,0
-69,-79,-80,0,1,0,0,0,0,0
-68,-79,-79,0,1,0,0,0,0,0
-68,-80,-80,0,1,0,0,0,0,0
-68,-80,-80,0,1,0,0,0,0,0
-68,-80,-80,0,1,0,0,0,0,0
-68,-80,-80,0,1,0,0,0,0,0
-65,-79,-85,0,1,0,0,0,0,0
-65,-79,-88,0,1,0,0,0,0,0
-67,-78,-89,0,1,0,0,0,0,0
-65,-78,-88,0,1,0,0,0,0,0
-65,-79,-89,0,1,0,0,0,0,0
-65,-79,-90,0,1,0,0,0,0,0
-65,-79,-87,0,1,0,0,0,0,0
-65,-78,-88,0,1,0,0,0,0,0
-65,-79,-89,0,1,0,0,0,0,0
-63,-78,-86,0,1,0,0,0,0,0
-65,-77,-88,0,1,0,0,0,0,0
-65,-79,-89,0,1,0,0,0,0,0
-65,-78,-87,0,1,0,0,0,0,0
-65,-79,-88,0,1,0,0,0,0,0
-65,-79,-89,0,1,0,0,0,0,0
-65,-78,-89,0,1,0,0,0,0,0
-65,-79,-88,0,1,0,0,0,0,0
-65,-79,-89,0,1,0,0,0,0,0
-63,-79,-86,0,1,0,0,0,0,0
-65,-77,-88,0,1,0,0,0,0,0
-65,-79,-88,0,1,0,0,0,0,0
-67,-79,-88,0,1,0,0,0,0,0
-65,-79,-89,0,1,0,0,0,0,0
-65,-79,-89,0,1,0,0,0,0,0
-65,-78,-88,0,1,0,0,0,0,0
-66,-79,-89,0,1,0,0,0,0,0
-65,-78,-89,0,1,0,0,0,0,0
-65,-79,-89,0,1,0,0,0,0,0
-65,-78,-89,0,1,0,0,0,0,0
-65,-79,-88,0,1,0,0,0,0,0
-65,-78,-86,0,1,0,0,0,0,0
-66,-79,-89,0,1,0,0,0,0,0
-65,-79,-86,0,1,0,0,0,0,0
-65,-79,-88,0,1,0,0,0,0,0
-65,-78,-88,0,1,0,0,0,0,0
-66,-80,-88,0,1,0,0,0,0,0
-65,-77,-77,0,1,0,0,0,0,0
-66,-79,-80,0,1,0,0,0,0,0
-68,-79,-80,0,1,0,0,0,0,0
-68,-79,-79,0,1,0,0,0,0,0
-68,-79,-80,0,1,0,0,0,0,0
-68,-80,-80,0,1,0,0,0,0,0
-68,-79,-79,0,1,0,0,0,0,0
-68,-79,-81,0,1,0,0,0,0,0
-68,-80,-81,0,1,0,0,0,0,0
-68,-79,-80,0,1,0,0,0,0,0
-68,-80,-80,0,1,0,0,0,0,0
-68,-79,-81,0,1,0,0,0,0,0
-68,-79,-79,0,1,0,0,0,0,0
-68,-80,-80,0,1,0,0,0,0,0
-68,-77,-78,0,1,0,0,0,0,0
-69,-80,-79,0,1,0,0,0,0,0
-68,-80,-81,0,1,0,0,0,0,0
-66,-79,-78,0,1,0,0,0,0,0
-69,-80,-79,0,1,0,0,0,0,0
-68,-79,-80,0,1,0,0,0,0,0
-68,-80,-81,0,1,0,0,0,0,0
-68,-82,-79,0,1,0,0,0,0,0
-69,-79,-80,0,1,0,0,0,0,0
-68,-80,-80,0,1,0,0,0,0,0
-69,-80,-80,0,1,0,0,0,0,0
-68,-80,-79,0,1,0,0,0,0,0
-69,-79,-80,0,1,0,0,0,0,0
-68,-80,-80,0,1,0,0,0,0,0
-68,-80,-79,0,1,0,0,0,0,0
-68,-79,-79,0,1,0,0,0,0,0
-68,-80,-81,0,1,0,0,0,0,0
-68,-79,-79,0,1,0,0,0,0,0
-68,-80,-80,0,1,0,0,0,0,0
-68,-79,-80,0,1,0,0,0,0,0
-68,-79,-80,0,1,0,0,0,0,0
-68,-79,-79,0,1,0,0,0,0,0
-68,-79,-80,0,1,0,0,0,0,0
-68,-79,-80,0,1,0,0,0,0,0
-68,-79,-87,0,1,0,0,0,0,0
-65,-79,-89,0,1,0,0,0,0,0
-66,-78,-87,0,1,0,0,0,0,0
-66,-79,-88,0,1,0,0,0,0,0
-65,-78,-87,0,1,0,0,0,0,0
-65,-80,-87,0,1,0,0,0,0,0
-65,-79,-89,0,1,0,0,0,0,0
-67,-78,-88,0,1,0,0,0,0,0
-65,-79,-88,0,1,0,0,0,0,0
-67,-79,-89,0,1,0,0,0,0,0
-65,-79,-88,0,1,0,0,0,0,0
-65,-79,-89,0,1,0,0,0,0,0
-65,-79,-88,0,1,0,0,0,0,0
-65,-78,-88,0,1,0,0,0,0,0
-65,-79,-88,0,1,0,0,0,0,0
-65,-79,-89,0,1,0,0,0,0,0
-65,-78,-89,0,1,0,0,0,0,0
-65,-79,-87,0,1,0,0,0,0,0
-66,-79,-90,0,1,0,0,0,0,0
-66,-78,-87,0,1,0,0,0,0,0
-65,-79,-88,0,1,0,0,0,0,0
-65,-79,-89,0,1,0,0,0,0,0
-65,-78,-88,0,1,0,0,0,0,0
-65,-79,-88,0,1,0,0,0,0,0
-67,-79,-88,0,1,0,0,0,0,0
-65,-79,-92,0,1,0,0,0,0,0
-65,-79,-88,0,1,0,0,0,0,0
-65,-79,-86,0,1,0,0,0,0,0
-65,-79,-88,0,1,0,0,0,0,0
-65,-79,-89,0,1,0,0,0,0,0
-65,-79,-88,0,1,0,0,0,0,0
-65,-79,-88,0,1,0,0,0,0,0
-65,-78,-88,0,1,0,0,0,0,0
-65,-79,-88,0,1,0,0,0,0,0
-65,-79,-88,0,1,0,0,0,0,0
-65,-79,-87,0,1,0,0,0,0,0
-65,-79,-88,0,1,0,0,0,0,0
-66,-77,-79,0,1,0,0,0,0,0
-68,-79,-80,0,1,0,0,0,0,0
-68,-82,-79,0,1,0,0,0,0,0
-69,-79,-80,0,1,0,0,0,0,0
-68,-80,-80,0,1,0,0,0,0,0
-68,-80,-80,0,1,0,0,0,0,0
-67,-79,-80,0,1,0,0,0,0,0
-66,-79,-81,0,1,0,0,0,0,0
-68,-80,-80,0,1,0,0,0,0,0
-68,-79,-80,0,1,0,0,0,0,0
-68,-80,-79,0,1,0,0,0,0,0
-68,-79,-79,0,1,0,0,0,0,0
-68,-79,-79,0,1,0,0,0,0,0
-68,-80,-80,0,1,0,0,0,0,0
-68,-79,-80,0,1,0,0,0,0,0
-68,-80,-80,0,1,0,0,0,0,0
-69,-80,-80,0,1,0,0,0,0,0
-68,-81,-80,0,1,0,0,0,0,0
-68,-79,-80,0,1,0,0,0,0,0
-68,-79,-81,0,1,0,0,0,0,0
-68,-79,-80,0,1,0,0,0,0,0
-68,-80,-79,0,1,0,0,0,0,0
-68,-80,-80,0,1,0,0,0,0,0
-68,-79,-79,0,1,0,0,0,0,0
-79,-70,-83,0,0,1,0,0,0,0
-79,-69,-83,0,0,1,0,0,0,0
-79,-69,-84,0,0,1,0,0,0,0
-79,-69,-85,0,0,1,0,0,0,0
-79,-69,-82,0,0,1,0,0,0,0
-80,-69,-83,0,0,1,0,0,0,0
-79,-69,-83,0,0,1,0,0,0,0
-79,-69,-83,0,0,1,0,0,0,0
-79,-69,-83,0,0,1,0,0,0,0
-79,-69,-84,0,0,1,0,0,0,0
-79,-69,-84,0,0,1,0,0,0,0
-80,-69,-84,0,0,1,0,0,0,0
-80,-69,-83,0,0,1,0,0,0,0
-79,-69,-82,0,0,1,0,0,0,0
-79,-69,-83,0,0,1,0,0,0,0
-79,-69,-83,0,0,1,0,0,0,0
-80,-69,-83,0,0,1,0,0,0,0
-79,-69,-83,0,0,1,0,0,0,0
-80,-69,-83,0,0,1,0,0,0,0
-80,-69,-83,0,0,1,0,0,0,0
-79,-69,-84,0,0,1,0,0,0,0
-79,-69,-83,0,0,1,0,0,0,0
-83,-74,-81,0,0,1,0,0,0,0
-83,-73,-81,0,0,1,0,0,0,0
-82,-74,-80,0,0,1,0,0,0,0
-83,-73,-81,0,0,1,0,0,0,0
-83,-74,-81,0,0,1,0,0,0,0
-84,-74,-82,0,0,1,0,0,0,0
-82,-73,-81,0,0,1,0,0,0,0
-83,-74,-80,0,0,1,0,0,0,0
-83,-73,-80,0,0,1,0,0,0,0
-82,-73,-81,0,0,1,0,0,0,0
-83,-73,-81,0,0,1,0,0,0,0
-82,-74,-80,0,0,1,0,0,0,0
-83,-73,-81,0,0,1,0,0,0,0
-83,-73,-81,0,0,1,0,0,0,0
-84,-73,-81,0,0,1,0,0,0,0
-83,-75,-81,0,0,1,0,0,0,0
-83,-73,-81,0,0,1,0,0,0,0
-83,-74,-81,0,0,1,0,0,0,0
-82,-73,-81,0,0,1,0,0,0,0
-83,-73,-81,0,0,1,0,0,0,0
-82,-73,-81,0,0,1,0,0,0,0
-81,-73,-79,0,0,1,0,0,0,0
-82,-73,-81,0,0,1,0,0,0,0
-83,-73,-81,0,0,1,0,0,0,0
-83,-74,-81,0,0,1,0,0,0,0
-83,-74,-81,0,0,1,0,0,0,0
-83,-73,-82,0,0,1,0,0,0,0
-82,-74,-81,0,0,1,0,0,0,0
-82,-73,-80,0,0,1,0,0,0,0
-82,-74,-80,0,0,1,0,0,0,0
-82,-74,-81,0,0,1,0,0,0,0
-83,-73,-81,0,0,1,0,0,0,0
-82,-73,-81,0,0,1,0,0,0,0
-82,-73,-80,0,0,1,0,0,0,0
-82,-74,-81,0,0,1,0,0,0,0
-80,-73,-81,0,0,1,0,0,0,0
-81,-73,-81,0,0,1,0,0,0,0
-86,-74,-79,0,0,1,0,0,0,0
-84,-69,-78,0,0,1,0,0,0,0
-85,-70,-78,0,0,1,0,0,0,0
-84,-70,-77,0,0,1,0,0,0,0
-86,-69,-78,0,0,1,0,0,0,0
-85,-69,-78,0,0,1,0,0,0,0
-85,-69,-77,0,0,1,0,0,0,0
-83,-70,-77,0,0,1,0,0,0,0
-85,-70,-77,0,0,1,0,0,0,0
-84,-70,-78,0,0,1,0,0,0,0
-82,-69,-77,0,0,1,0,0,0,0
-85,-70,-77,0,0,1,0,0,0,0
-85,-70,-77,0,0,1,0,0,0,0
-86,-69,-78,0,0,1,0,0,0,0
-81,-69,-77,0,0,1,0,0,0,0
-86,-70,-75,0,0,1,0,0,0,0
-84,-69,-77,0,0,1,0,0,0,0
-84,-69,-79,0,0,1,0,0,0,0
-85,-69,-77,0,0,1,0,0,0,0
-86,-69,-77,0,0,1,0,0,0,0
-82,-69,-78,0,0,1,0,0,0,0
-88,-69,-78,0,0,1,0,0,0,0
-83,-69,-79,0,0,1,0,0,0,0
-84,-69,-77,0,0,1,0,0,0,0
-85,-68,-78,0,0,1,0,0,0,0
-83,-69,-79,0,0,1,0,0,0,0
-78,-67,-74,0,0,1,0,0,0,0
-84,-69,-80,0,0,1,0,0,0,0
-83,-69,-75,0,0,1,0,0,0,0
-86,-69,-80,0,0,1,0,0,0,0
-83,-69,-76,0,0,1,0,0,0,0
-82,-69,-76,0,0,1,0,0,0,0
-83,-69,-77,0,0,1,0,0,0,0
-85,-69,-78,0,0,1,0,0,0,0
-87,-69,-79,0,0,1,0,0,0,0
-83,-69,-78,0,0,1,0,0,0,0
-79,-69,-78,0,0,1,0,0,0,0
-77,-69,-78,0,0,1,0,0,0,0
-76,-68,-80,0,0,1,0,0,0,0
-76,-69,-81,0,0,1,0,0,0,0
-76,-69,-81,0,0,1,0,0,0,0
-76,-67,-82,0,0,1,0,0,0,0
-77,-68,-82,0,0,1,0,0,0,0
-76,-69,-82,0,0,1,0,0,0,0
-76,-69,-83,0,0,1,0,0,0,0
-78,-69,-81,0,0,1,0,0,0,0
-79,-68,-82,0,0,1,0,0,0,0
-81,-68,-82,0,0,1,0,0,0,0
-82,-68,-83,0,0,1,0,0,0,0
-81,-69,-86,0,0,1,0,0,0,0
-81,-69,-85,0,0,1,0,0,0,0
-81,-69,-86,0,0,1,0,0,0,0
-82,-69,-85,0,0,1,0,0,0,0
-83,-69,-84,0,0,1,0,0,0,0
-81,-69,-83,0,0,1,0,0,0,0
-80,-69,-83,0,0,1,0,0,0,0
-80,-68,-84,0,0,1,0,0,0,0
-81,-69,-84,0,0,1,0,0,0,0
-79,-70,-86,0,0,1,0,0,0,0
-78,-70,-86,0,0,1,0,0,0,0
-83,-69,-80,0,0,1,0,0,0,0
-79,-69,-84,0,0,1,0,0,0,0
-79,-70,-83,0,0,1,0,0,0,0
-79,-69,-81,0,0,1,0,0,0,0
-78,-69,-81,0,0,1,0,0,0,0
-78,-70,-91,0,0,1,0,0,0,0
-79,-67,-81,0,0,1,0,0,0,0
-79,-69,-82,0,0,1,0,0,0,0
-78,-67,-84,0,0,1,0,0,0,0
-80,-70,-83,0,0,1,0,0,0,0
-80,-70,-83,0,0,1,0,0,0,0
-80,-70,-84,0,0,1,0,0,0,0
-81,-69,-82,0,0,1,0,0,0,0
-79,-69,-82,0,0,1,0,0,0,0
-80,-69,-80,0,0,1,0,0,0,0
-78,-70,-81,0,0,1,0,0,0,0
-81,-70,-82,0,0,1,0,0,0,0
-78,-69,-83,0,0,1,0,0,0,0
-79,-70,-83,0,0,1,0,0,0,0
-83,-69,-83,0,0,1,0,0,0,0
-82,-73,-81,0,0,1,0,0,0,0
-83,-73,-81,0,0,1,0,0,0,0
-83,-73,-81,0,0,1,0,0,0,0
-82,-73,-81,0,0,1,0,0,0,0
-83,-73,-81,0,0,1,0,0,0,0
-83,-74,-81,0,0,1,0,0,0,0
-82,-73,-82,0,0,1,0,0,0,0
-82,-73,-80,0,0,1,0,0,0,0
-83,-73,-81,0,0,1,0,0,0,0
-82,-73,-81,0,0,1,0,0,0,0
-83,-74,-82,0,0,1,0,0,0,0
-82,-73,-80,0,0,1,0,0,0,0
-83,-73,-81,0,0,1,0,0,0,0
-82,-74,-81,0,0,1,0,0,0,0
-82,-73,-81,0,0,1,0,0,0,0
-84,-73,-81,0,0,1,0,0,0,0
-82,-73,-81,0,0,1,0,0,0,0
-83,-73,-81,0,0,1,0,0,0,0
-83,-74,-81,0,0,1,0,0,0,0
-83,-73,-81,0,0,1,0,0,0,0
-83,-74,-80,0,0,1,0,0,0,0
-83,-73,-81,0,0,1,0,0,0,0
-82,-73,-82,0,0,1,0,0,0,0
-83,-74,-80,0,0,1,0,0,0,0
-82,-73,-81,0,0,1,0,0,0,0
-82,-73,-81,0,0,1,0,0,0,0
-83,-73,-81,0,0,1,0,0,0,0
-83,-73,-81,0,0,1,0,0,0,0
-83,-74,-81,0,0,1,0,0,0,0
-83,-74,-80,0,0,1,0,0,0,0
-83,-74,-81,0,0,1,0,0,0,0
-83,-74,-80,0,0,1,0,0,0,0
-83,-73,-81,0,0,1,0,0,0,0
-83,-74,-81,0,0,1,0,0,0,0
-82,-73,-81,0,0,1,0,0,0,0
-82,-74,-81,0,0,1,0,0,0,0
-83,-73,-81,0,0,1,0,0,0,0
-83,-73,-81,0,0,1,0,0,0,0
-83,-74,-80,0,0,1,0,0,0,0
-82,-74,-81,0,0,1,0,0,0,0
-82,-74,-81,0,0,1,0,0,0,0
-83,-74,-81,0,0,1,0,0,0,0
-85,-74,-81,0,0,1,0,0,0,0
-85,-70,-77,0,0,1,0,0,0,0
-87,-69,-78,0,0,1,0,0,0,0
-85,-70,-78,0,0,1,0,0,0,0
-87,-70,-76,0,0,1,0,0,0,0
-84,-68,-77,0,0,1,0,0,0,0
-85,-69,-77,0,0,1,0,0,0,0
-87,-68,-78,0,0,1,0,0,0,0
-86,-70,-76,0,0,1,0,0,0,0
-87,-69,-77,0,0,1,0,0,0,0
-86,-69,-78,0,0,1,0,0,0,0
-85,-69,-77,0,0,1,0,0,0,0
-84,-69,-77,0,0,1,0,0,0,0
-84,-70,-78,0,0,1,0,0,0,0
-84,-69,-78,0,0,1,0,0,0,0
-85,-69,-78,0,0,1,0,0,0,0
-84,-68,-77,0,0,1,0,0,0,0
-84,-69,-78,0,0,1,0,0,0,0
-85,-69,-78,0,0,1,0,0,0,0
-78,-94,-86,0,0,0,1,0,0,0
-78,-91,-85,0,0,0,1,0,0,0
-78,-92,-86,0,0,0,1,0,0,0
-78,-93,-86,0,0,0,1,0,0,0
-78,-92,-83,0,0,0,1,0,0,0
-76,-92,-86,0,0,0,1,0,0,0
-78,-93,-85,0,0,0,1,0,0,0
-78,-92,-87,0,0,0,1,0,0,0
-78,-92,-86,0,0,0,1,0,0,0
-76,-89,-83,0,0,0,1,0,0,0
-76,-91,-83,0,0,0,1,0,0,0
-78,-92,-86,0,0,0,1,0,0,0
-78,-92,-84,0,0,0,1,0,0,0
-78,-93,-85,0,0,0,1,0,0,0
-78,-93,-85,0,0,0,1,0,0,0
-78,-90,-84,0,0,0,1,0,0,0
-78,-92,-86,0,0,0,1,0,0,0
-78,-92,-86,0,0,0,1,0,0,0
-78,-92,-85,0,0,0,1,0,0,0
-77,-81,-82,0,0,0,1,0,0,0
-78,-84,-85,0,0,0,1,0,0,0
-79,-82,-81,0,0,0,1,0,0,0
-79,-83,-84,0,0,0,1,0,0,0
-79,-83,-84,0,0,0,1,0,0,0
-79,-83,-84,0,0,0,1,0,0,0
-79,-82,-83,0,0,0,1,0,0,0
-79,-83,-85,0,0,0,1,0,0,0
-78,-82,-85,0,0,0,1,0,0,0
-78,-83,-83,0,0,0,1,0,0,0
-79,-82,-84,0,0,0,1,0,0,0
-78,-83,-85,0,0,0,1,0,0,0
-78,-83,-84,0,0,0,1,0,0,0
-79,-83,-85,0,0,0,1,0,0,0
-79,-83,-84,0,0,0,1,0,0,0
-78,-83,-84,0,0,0,1,0,0,0
-78,-81,-84,0,0,0,1,0,0,0
-79,-82,-83,0,0,0,1,0,0,0
-78,-83,-84,0,0,0,1,0,0,0
-78,-83,-86,0,0,0,1,0,0,0
-78,-82,-84,0,0,0,1,0,0,0
-79,-83,-85,0,0,0,1,0,0,0
-79,-83,-85,0,0,0,1,0,0,0
-79,-82,-85,0,0,0,1,0,0,0
-79,-83,-84,0,0,0,1,0,0,0
-79,-83,-84,0,0,0,1,0,0,0
-79,-82,-85,0,0,0,1,0,0,0
-79,-84,-85,0,0,0,1,0,0,0
-78,-83,-84,0,0,0,1,0,0,0
-78,-83,-84,0,0,0,1,0,0,0
-79,-83,-85,0,0,0,1,0,0,0
-78,-83,-84,0,0,0,1,0,0,0
-78,-83,-84,0,0,0,1,0,0,0
-79,-82,-85,0,0,0,1,0,0,0
-79,-82,-85,0,0,0,1,0,0,0
-78,-83,-84,0,0,0,1,0,0,0
-79,-82,-85,0,0,0,1,0,0,0
-79,-81,-85,0,0,0,1,0,0,0
-79,-82,-85,0,0,0,1,0,0,0
-79,-83,-85,0,0,0,1,0,0,0
-78,-83,-81,0,0,0,1,0,0,0
-76,-91,-82,0,0,0,1,0,0,0
-78,-91,-84,0,0,0,1,0,0,0
-78,-92,-84,0,0,0,1,0,0,0
-78,-92,-86,0,0,0,1,0,0,0
-78,-92,-85,0,0,0,1,0,0,0
-76,-90,-85,0,0,0,1,0,0,0
-78,-91,-85,0,0,0,1,0,0,0
-76,-90,-83,0,0,0,1,0,0,0
-76,-90,-84,0,0,0,1,0,0,0
-78,-91,-85,0,0,0,1,0,0,0
-78,-91,-88,0,0,0,1,0,0,0
-78,-90,-86,0,0,0,1,0,0,0
-77,-93,-85,0,0,0,1,0,0,0
-76,-90,-84,0,0,0,1,0,0,0
-76,-92,-84,0,0,0,1,0,0,0
-78,-93,-84,0,0,0,1,0,0,0
-77,-93,-86,0,0,0,1,0,0,0
-77,-82,-86,0,0,0,1,0,0,0
-78,-83,-85,0,0,0,1,0,0,0
-79,-83,-85,0,0,0,1,0,0,0
-79,-83,-84,0,0,0,1,0,0,0
-79,-83,-84,0,0,0,1,0,0,0
-79,-83,-86,0,0,0,1,0,0,0
-78,-82,-85,0,0,0,1,0,0,0
-78,-82,-85,0,0,0,1,0,0,0
-79,-82,-84,0,0,0,1,0,0,0
-77,-81,-84,0,0,0,1,0,0,0
-78,-81,-84,0,0,0,1,0,0,0
-79,-83,-85,0,0,0,1,0,0,0
-79,-83,-85,0,0,0,1,0,0,0
-78,-84,-84,0,0,0,1,0,0,0
-79,-82,-85,0,0,0,1,0,0,0
-79,-82,-85,0,0,0,1,0,0,0
-79,-82,-85,0,0,0,1,0,0,0
-78,-83,-85,0,0,0,1,0,0,0
-79,-82,-84,0,0,0,1,0,0,0
-78,-82,-87,0,0,0,1,0,0,0
-78,-82,-84,0,0,0,1,0,0,0
-79,-83,-85,0,0,0,1,0,0,0
-78,-83,-85,0,0,0,1,0,0,0
-79,-83,-86,0,0,0,1,0,0,0
-79,-83,-84,0,0,0,1,0,0,0
-79,-83,-84,0,0,0,1,0,0,0
-79,-83,-85,0,0,0,1,0,0,0
-79,-83,-85,0,0,0,1,0,0,0
-79,-84,-84,0,0,0,1,0,0,0
-79,-83,-84,0,0,0,1,0,0,0
-77,-81,-82,0,0,0,1,0,0,0
-76,-81,-83,0,0,0,1,0,0,0
-77,-82,-84,0,0,0,1,0,0,0
-78,-83,-84,0,0,0,1,0,0,0
-79,-82,-84,0,0,0,1,0,0,0
-78,-83,-84,0,0,0,1,0,0,0
-79,-82,-84,0,0,0,1,0,0,0
-78,-83,-84,0,0,0,1,0,0,0
-79,-82,-85,0,0,0,1,0,0,0
-79,-82,-81,0,0,0,1,0,0,0
-79,-91,-79,0,0,0,1,0,0,0
-76,-92,-83,0,0,0,1,0,0,0
-76,-91,-83,0,0,0,1,0,0,0
-76,-90,-84,0,0,0,1,0,0,0
-76,-90,-86,0,0,0,1,0,0,0
-79,-91,-85,0,0,0,1,0,0,0
-78,-91,-85,0,0,0,1,0,0,0
-78,-93,-86,0,0,0,1,0,0,0
-79,-92,-86,0,0,0,1,0,0,0
-76,-90,-83,0,0,0,1,0,0,0
-78,-91,-83,0,0,0,1,0,0,0
-76,-89,-84,0,0,0,1,0,0,0
-78,-91,-85,0,0,0,1,0,0,0
-78,-92,-86,0,0,0,1,0,0,0
-79,-92,-85,0,0,0,1,0,0,0
-78,-93,-85,0,0,0,1,0,0,0
-78,-93,-86,0,0,0,1,0,0,0
-77,-81,-85,0,0,0,1,0,0,0
-78,-82,-82,0,0,0,1,0,0,0
-79,-83,-85,0,0,0,1,0,0,0
-78,-83,-85,0,0,0,1,0,0,0
-79,-82,-85,0,0,0,1,0,0,0
-78,-82,-84,0,0,0,1,0,0,0
-77,-81,-83,0,0,0,1,0,0,0
-78,-82,-85,0,0,0,1,0,0,0
-78,-82,-84,0,0,0,1,0,0,0
-79,-83,-84,0,0,0,1,0,0,0
-78,-82,-85,0,0,0,1,0,0,0
-79,-83,-84,0,0,0,1,0,0,0
-79,-83,-85,0,0,0,1,0,0,0
-79,-83,-84,0,0,0,1,0,0,0
-78,-82,-85,0,0,0,1,0,0,0
-78,-83,-85,0,0,0,1,0,0,0
-78,-83,-84,0,0,0,1,0,0,0
-79,-83,-84,0,0,0,1,0,0,0
-79,-82,-84,0,0,0,1,0,0,0
-78,-82,-85,0,0,0,1,0,0,0
-79,-82,-85,0,0,0,1,0,0,0
-79,-82,-85,0,0,0,1,0,0,0
-79,-83,-85,0,0,0,1,0,0,0
-79,-83,-84,0,0,0,1,0,0,0
-79,-82,-84,0,0,0,1,0,0,0
-78,-83,-84,0,0,0,1,0,0,0
-78,-83,-85,0,0,0,1,0,0,0
-79,-83,-85,0,0,0,1,0,0,0
-79,-83,-85,0,0,0,1,0,0,0
-79,-83,-84,0,0,0,1,0,0,0
-78,-83,-85,0,0,0,1,0,0,0
-78,-82,-84,0,0,0,1,0,0,0
-79,-83,-85,0,0,0,1,0,0,0
-79,-82,-85,0,0,0,1,0,0,0
-78,-83,-85,0,0,0,1,0,0,0
-79,-83,-85,0,0,0,1,0,0,0
-78,-81,-84,0,0,0,1,0,0,0
-79,-83,-84,0,0,0,1,0,0,0
-78,-83,-85,0,0,0,1,0,0,0
-79,-92,-82,0,0,0,1,0,0,0
-76,-91,-85,0,0,0,1,0,0,0
-78,-91,-87,0,0,0,1,0,0,0
-78,-91,-85,0,0,0,1,0,0,0
-78,-92,-86,0,0,0,1,0,0,0
-78,-92,-87,0,0,0,1,0,0,0
-78,-90,-85,0,0,0,1,0,0,0
-77,-91,-86,0,0,0,1,0,0,0
-78,-89,-84,0,0,0,1,0,0,0
-76,-88,-84,0,0,0,1,0,0,0
-76,-90,-83,0,0,0,1,0,0,0
-76,-90,-84,0,0,0,1,0,0,0
-76,-90,-84,0,0,0,1,0,0,0
-78,-90,-85,0,0,0,1,0,0,0
-80,-91,-85,0,0,0,1,0,0,0
-78,-94,-87,0,0,0,1,0,0,0
-74,-92,-90,0,0,0,1,0,0,0
-79,-91,-84,0,0,0,1,0,0,0
-74,-87,-87,0,0,0,1,0,0,0
-77,-86,-84,0,0,0,1,0,0,0
-82,-85,-83,0,0,0,1,0,0,0
-78,-90,-80,0,0,0,1,0,0,0
-79,-81,-81,0,0,0,1,0,0,0
-79,-82,-84,0,0,0,1,0,0,0
-78,-86,-85,0,0,0,1,0,0,0
-79,-84,-84,0,0,0,1,0,0,0
-77,-83,-86,0,0,0,1,0,0,0
-88,-81,-86,0,0,0,0,1,0,0
-87,-80,-87,0,0,0,0,1,0,0
-88,-80,-87,0,0,0,0,1,0,0
-86,-80,-88,0,0,0,0,1,0,0
-87,-80,-87,0,0,0,0,1,0,0
-87,-80,-87,0,0,0,0,1,0,0
-87,-80,-88,0,0,0,0,1,0,0
-87,-80,-88,0,0,0,0,1,0,0
-87,-80,-88,0,0,0,0,1,0,0
-86,-80,-87,0,0,0,0,1,0,0
-87,-80,-87,0,0,0,0,1,0,0
-87,-79,-87,0,0,0,0,1,0,0
-86,-80,-86,0,0,0,0,1,0,0
-87,-80,-88,0,0,0,0,1,0,0
-88,-80,-88,0,0,0,0,1,0,0
-87,-80,-87,0,0,0,0,1,0,0
-86,-80,-87,0,0,0,0,1,0,0
-86,-79,-87,0,0,0,0,1,0,0
-87,-80,-88,0,0,0,0,1,0,0
-86,-80,-87,0,0,0,0,1,0,0
-88,-80,-87,0,0,0,0,1,0,0
-88,-80,-87,0,0,0,0,1,0,0
-87,-80,-87,0,0,0,0,1,0,0
-86,-80,-87,0,0,0,0,1,0,0
-87,-79,-88,0,0,0,0,1,0,0
-87,-80,-87,0,0,0,0,1,0,0
-88,-80,-87,0,0,0,0,1,0,0
-87,-81,-89,0,0,0,0,1,0,0
-86,-80,-87,0,0,0,0,1,0,0
-85,-80,-85,0,0,0,0,1,0,0
-87,-80,-87,0,0,0,0,1,0,0
-89,-80,-86,0,0,0,0,1,0,0
-86,-80,-86,0,0,0,0,1,0,0
-87,-80,-86,0,0,0,0,1,0,0
-87,-80,-87,0,0,0,0,1,0,0
-88,-80,-88,0,0,0,0,1,0,0
-87,-80,-87,0,0,0,0,1,0,0
-87,-80,-89,0,0,0,0,1,0,0
-83,-83,-85,0,0,0,0,1,0,0
-83,-84,-85,0,0,0,0,1,0,0
-83,-83,-87,0,0,0,0,1,0,0
-83,-83,-86,0,0,0,0,1,0,0
-83,-84,-85,0,0,0,0,1,0,0
-81,-84,-85,0,0,0,0,1,0,0
-83,-84,-86,0,0,0,0,1,0,0
-83,-82,-85,0,0,0,0,1,0,0
-83,-83,-84,0,0,0,0,1,0,0
-82,-83,-85,0,0,0,0,1,0,0
-82,-83,-86,0,0,0,0,1,0,0
-82,-83,-85,0,0,0,0,1,0,0
-83,-83,-85,0,0,0,0,1,0,0
-83,-83,-85,0,0,0,0,1,0,0
-83,-83,-86,0,0,0,0,1,0,0
-82,-84,-86,0,0,0,0,1,0,0
-82,-83,-84,0,0,0,0,1,0,0
-83,-83,-85,0,0,0,0,1,0,0
-80,-82,-84,0,0,0,0,1,0,0
-82,-83,-86,0,0,0,0,1,0,0
-82,-83,-86,0,0,0,0,1,0,0
-82,-83,-85,0,0,0,0,1,0,0
-83,-83,-85,0,0,0,0,1,0,0
-82,-83,-85,0,0,0,0,1,0,0
-83,-84,-85,0,0,0,0,1,0,0
-81,-82,-84,0,0,0,0,1,0,0
-83,-83,-85,0,0,0,0,1,0,0
-83,-83,-85,0,0,0,0,1,0,0
-83,-83,-85,0,0,0,0,1,0,0
-82,-83,-86,0,0,0,0,1,0,0
-82,-83,-85,0,0,0,0,1,0,0
-82,-83,-86,0,0,0,0,1,0,0
-82,-83,-85,0,0,0,0,1,0,0
-82,-82,-84,0,0,0,0,1,0,0
-87,-81,-87,0,0,0,0,1,0,0
-87,-81,-87,0,0,0,0,1,0,0
-88,-81,-85,0,0,0,0,1,0,0
-88,-80,-85,0,0,0,0,1,0,0
-90,-82,-86,0,0,0,0,1,0,0
-87,-82,-86,0,0,0,0,1,0,0
-88,-80,-86,0,0,0,0,1,0,0
-90,-81,-85,0,0,0,0,1,0,0
-87,-81,-86,0,0,0,0,1,0,0
-88,-78,-86,0,0,0,0,1,0,0
-87,-81,-84,0,0,0,0,1,0,0
-89,-81,-87,0,0,0,0,1,0,0
-87,-79,-86,0,0,0,0,1,0,0
-86,-81,-86,0,0,0,0,1,0,0
-87,-80,-85,0,0,0,0,1,0,0
-89,-81,-86,0,0,0,0,1,0,0
-87,-81,-85,0,0,0,0,1,0,0
-87,-80,-85,0,0,0,0,1,0,0
-90,-80,-86,0,0,0,0,1,0,0
-89,-81,-87,0,0,0,0,1,0,0
-88,-81,-86,0,0,0,0,1,0,0
-88,-81,-85,0,0,0,0,1,0,0
-90,-81,-84,0,0,0,0,1,0,0
-88,-80,-85,0,0,0,0,1,0,0
-87,-79,-85,0,0,0,0,1,0,0
-87,-81,-85,0,0,0,0,1,0,0
-88,-82,-85,0,0,0,0,1,0,0
-90,-80,-86,0,0,0,0,1,0,0
-88,-80,-88,0,0,0,0,1,0,0
-88,-81,-89,0,0,0,0,1,0,0
-86,-80,-86,0,0,0,0,1,0,0
-87,-80,-87,0,0,0,0,1,0,0
-87,-80,-87,0,0,0,0,1,0,0
-87,-80,-87,0,0,0,0,1,0,0
-87,-80,-87,0,0,0,0,1,0,0
-87,-79,-87,0,0,0,0,1,0,0
-86,-80,-87,0,0,0,0,1,0,0
-86,-80,-87,0,0,0,0,1,0,0
-86,-80,-86,0,0,0,0,1,0,0
-87,-80,-87,0,0,0,0,1,0,0
-87,-81,-89,0,0,0,0,1,0,0
-87,-80,-87,0,0,0,0,1,0,0
-87,-80,-89,0,0,0,0,1,0,0
-87,-79,-87,0,0,0,0,1,0,0
-87,-80,-87,0,0,0,0,1,0,0
-87,-80,-87,0,0,0,0,1,0,0
-88,-80,-87,0,0,0,0,1,0,0
-86,-80,-88,0,0,0,0,1,0,0
-85,-78,-85,0,0,0,0,1,0,0
-88,-80,-86,0,0,0,0,1,0,0
-84,-78,-86,0,0,0,0,1,0,0
-87,-78,-85,0,0,0,0,1,0,0
-86,-80,-88,0,0,0,0,1,0,0
-86,-80,-88,0,0,0,0,1,0,0
-88,-80,-89,0,0,0,0,1,0,0
-85,-80,-87,0,0,0,0,1,0,0
-86,-78,-86,0,0,0,0,1,0,0
-88,-79,-88,0,0,0,0,1,0,0
-87,-81,-87,0,0,0,0,1,0,0
-81,-79,-87,0,0,0,0,1,0,0
-82,-83,-85,0,0,0,0,1,0,0
-83,-84,-85,0,0,0,0,1,0,0
-83,-83,-85,0,0,0,0,1,0,0
-83,-83,-86,0,0,0,0,1,0,0
-81,-81,-83,0,0,0,0,1,0,0
-83,-83,-86,0,0,0,0,1,0,0
-83,-84,-84,0,0,0,0,1,0,0
-82,-83,-86,0,0,0,0,1,0,0
-82,-83,-85,0,0,0,0,1,0,0
-83,-83,-86,0,0,0,0,1,0,0
-82,-83,-85,0,0,0,0,1,0,0
-82,-83,-85,0,0,0,0,1,0,0
-82,-84,-86,0,0,0,0,1,0,0
-83,-83,-85,0,0,0,0,1,0,0
-84,-84,-85,0,0,0,0,1,0,0
-83,-81,-83,0,0,0,0,1,0,0
-82,-84,-85,0,0,0,0,1,0,0
-82,-83,-86,0,0,0,0,1,0,0
-82,-83,-85,0,0,0,0,1,0,0
-82,-83,-85,0,0,0,0,1,0,0
-82,-83,-85,0,0,0,0,1,0,0
-82,-83,-85,0,0,0,0,1,0,0
-83,-83,-85,0,0,0,0,1,0,0
-83,-84,-85,0,0,0,0,1,0,0
-83,-83,-84,0,0,0,0,1,0,0
-83,-83,-85,0,0,0,0,1,0,0
-82,-83,-85,0,0,0,0,1,0,0
-82,-83,-85,0,0,0,0,1,0,0
-83,-83,-84,0,0,0,0,1,0,0
-82,-83,-85,0,0,0,0,1,0,0
-82,-84,-86,0,0,0,0,1,0,0
-82,-83,-86,0,0,0,0,1,0,0
-88,-80,-87,0,0,0,0,1,0,0
-88,-80,-85,0,0,0,0,1,0,0
-88,-81,-86,0,0,0,0,1,0,0
-90,-81,-85,0,0,0,0,1,0,0
-89,-80,-86,0,0,0,0,1,0,0
-87,-81,-88,0,0,0,0,1,0,0
-88,-79,-85,0,0,0,0,1,0,0
-88,-81,-85,0,0,0,0,1,0,0
-88,-80,-88,0,0,0,0,1,0,0
-89,-80,-85,0,0,0,0,1,0,0
-89,-80,-86,0,0,0,0,1,0,0
-88,-82,-87,0,0,0,0,1,0,0
-88,-81,-87,0,0,0,0,1,0,0
-86,-79,-83,0,0,0,0,1,0,0
-88,-81,-86,0,0,0,0,1,0,0
-87,-79,-86,0,0,0,0,1,0,0
-87,-81,-87,0,0,0,0,1,0,0
-87,-81,-88,0,0,0,0,1,0,0
-89,-80,-88,0,0,0,0,1,0,0
-90,-81,-86,0,0,0,0,1,0,0
-91,-80,-85,0,0,0,0,1,0,0
-86,-82,-85,0,0,0,0,1,0,0
-88,-82,-86,0,0,0,0,1,0,0
-89,-80,-86,0,0,0,0,1,0,0
-87,-80,-86,0,0,0,0,1,0,0
-89,-80,-87,0,0,0,0,1,0,0
-88,-80,-85,0,0,0,0,1,0,0
-87,-79,-86,0,0,0,0,1,0,0
-85,-78,-84,0,0,0,0,1,0,0
-86,-80,-87,0,0,0,0,1,0,0
-86,-80,-87,0,0,0,0,1,0,0
-85,-78,-85,0,0,0,0,1,0,0
-85,-80,-87,0,0,0,0,1,0,0
-88,-80,-86,0,0,0,0,1,0,0
-85,-78,-85,0,0,0,0,1,0,0
-85,-80,-87,0,0,0,0,1,0,0
-71,-80,-78,0,0,0,0,0,1,0
-73,-79,-78,0,0,0,0,0,1,0
-71,-81,-75,0,0,0,0,0,1,0
-71,-77,-75,0,0,0,0,0,1,0
-72,-77,-75,0,0,0,0,0,1,0
-72,-77,-75,0,0,0,0,0,1,0
-72,-77,-75,0,0,0,0,0,1,0
-72,-77,-75,0,0,0,0,0,1,0
-71,-77,-75,0,0,0,0,0,1,0
-72,-76,-75,0,0,0,0,0,1,0
-71,-77,-75,0,0,0,0,0,1,0
-72,-77,-75,0,0,0,0,0,1,0
-72,-77,-75,0,0,0,0,0,1,0
-71,-77,-75,0,0,0,0,0,1,0
-72,-77,-75,0,0,0,0,0,1,0
-72,-77,-76,0,0,0,0,0,1,0
-70,-77,-75,0,0,0,0,0,1,0
-72,-75,-75,0,0,0,0,0,1,0
-72,-77,-75,0,0,0,0,0,1,0
-72,-77,-75,0,0,0,0,0,1,0
-71,-77,-75,0,0,0,0,0,1,0
-71,-77,-75,0,0,0,0,0,1,0
-71,-77,-76,0,0,0,0,0,1,0
-71,-76,-76,0,0,0,0,0,1,0
-72,-77,-75,0,0,0,0,0,1,0
-72,-76,-75,0,0,0,0,0,1,0
-72,-77,-76,0,0,0,0,0,1,0
-72,-77,-75,0,0,0,0,0,1,0
-71,-77,-75,0,0,0,0,0,1,0
-72,-77,-75,0,0,0,0,0,1,0
-72,-77,-76,0,0,0,0,0,1,0
-72,-76,-75,0,0,0,0,0,1,0
-72,-77,-75,0,0,0,0,0,1,0
-72,-77,-75,0,0,0,0,0,1,0
-72,-77,-75,0,0,0,0,0,1,0
-72,-77,-76,0,0,0,0,0,1,0
-72,-77,-75,0,0,0,0,0,1,0
-72,-77,-75,0,0,0,0,0,1,0
-72,-77,-76,0,0,0,0,0,1,0
-72,-77,-75,0,0,0,0,0,1,0
-72,-77,-76,0,0,0,0,0,1,0
-72,-77,-75,0,0,0,0,0,1,0
-72,-77,-76,0,0,0,0,0,1,0
-72,-77,-75,0,0,0,0,0,1,0
-72,-77,-75,0,0,0,0,0,1,0
-74,-80,-75,0,0,0,0,0,1,0
-74,-79,-75,0,0,0,0,0,1,0
-74,-80,-76,0,0,0,0,0,1,0
-74,-80,-75,0,0,0,0,0,1,0
-74,-80,-75,0,0,0,0,0,1,0
-74,-80,-75,0,0,0,0,0,1,0
-74,-80,-76,0,0,0,0,0,1,0
-74,-81,-75,0,0,0,0,0,1,0
-74,-79,-75,0,0,0,0,0,1,0
-74,-80,-75,0,0,0,0,0,1,0
-75,-80,-76,0,0,0,0,0,1,0
-74,-80,-75,0,0,0,0,0,1,0
-74,-80,-75,0,0,0,0,0,1,0
-74,-80,-75,0,0,0,0,0,1,0
-74,-80,-75,0,0,0,0,0,1,0
-74,-80,-75,0,0,0,0,0,1,0
-74,-80,-75,0,0,0,0,0,1,0
-73,-80,-75,0,0,0,0,0,1,0
-74,-79,-76,0,0,0,0,0,1,0
-74,-80,-75,0,0,0,0,0,1,0
-74,-81,-75,0,0,0,0,0,1,0
-74,-80,-75,0,0,0,0,0,1,0
-74,-80,-75,0,0,0,0,0,1,0
-74,-80,-75,0,0,0,0,0,1,0
-74,-80,-75,0,0,0,0,0,1,0
-74,-80,-75,0,0,0,0,0,1,0
-74,-80,-76,0,0,0,0,0,1,0
-74,-80,-75,0,0,0,0,0,1,0
-74,-80,-75,0,0,0,0,0,1,0
-74,-80,-76,0,0,0,0,0,1,0
-74,-80,-75,0,0,0,0,0,1,0
-74,-80,-75,0,0,0,0,0,1,0
-74,-80,-75,0,0,0,0,0,1,0
-74,-80,-75,0,0,0,0,0,1,0
-74,-80,-75,0,0,0,0,0,1,0
-74,-80,-75,0,0,0,0,0,1,0
-74,-80,-75,0,0,0,0,0,1,0
-74,-79,-75,0,0,0,0,0,1,0
-74,-80,-75,0,0,0,0,0,1,0
-74,-80,-75,0,0,0,0,0,1,0
-74,-79,-75,0,0,0,0,0,1,0
-74,-80,-79,0,0,0,0,0,1,0
-71,-79,-78,0,0,0,0,0,1,0
-71,-81,-78,0,0,0,0,0,1,0
-71,-79,-77,0,0,0,0,0,1,0
-71,-80,-78,0,0,0,0,0,1,0
-71,-79,-78,0,0,0,0,0,1,0
-71,-80,-78,0,0,0,0,0,1,0
-71,-79,-78,0,0,0,0,0,1,0
-72,-81,-78,0,0,0,0,0,1,0
-72,-80,-78,0,0,0,0,0,1,0
-73,-80,-78,0,0,0,0,0,1,0
-71,-80,-78,0,0,0,0,0,1,0
-71,-79,-78,0,0,0,0,0,1,0
-71,-80,-78,0,0,0,0,0,1,0
-71,-80,-79,0,0,0,0,0,1,0
-72,-79,-78,0,0,0,0,0,1,0
-71,-80,-79,0,0,0,0,0,1,0
-71,-79,-77,0,0,0,0,0,1,0
-71,-80,-78,0,0,0,0,0,1,0
-71,-79,-78,0,0,0,0,0,1,0
-71,-81,-77,0,0,0,0,0,1,0
-71,-79,-78,0,0,0,0,0,1,0
-72,-81,-78,0,0,0,0,0,1,0
-71,-80,-78,0,0,0,0,0,1,0
-71,-80,-79,0,0,0,0,0,1,0
-71,-80,-78,0,0,0,0,0,1,0
-71,-80,-78,0,0,0,0,0,1,0
-71,-79,-78,0,0,0,0,0,1,0
-71,-81,-79,0,0,0,0,0,1,0
-72,-80,-78,0,0,0,0,0,1,0
-72,-79,-77,0,0,0,0,0,1,0
-71,-80,-78,0,0,0,0,0,1,0
-71,-79,-79,0,0,0,0,0,1,0
-71,-79,-78,0,0,0,0,0,1,0
-71,-80,-78,0,0,0,0,0,1,0
-72,-79,-79,0,0,0,0,0,1,0
-71,-79,-78,0,0,0,0,0,1,0
-71,-80,-79,0,0,0,0,0,1,0
-71,-81,-78,0,0,0,0,0,1,0
-72,-79,-78,0,0,0,0,0,1,0
-71,-79,-78,0,0,0,0,0,1,0
-71,-79,-78,0,0,0,0,0,1,0
-71,-80,-78,0,0,0,0,0,1,0
-71,-79,-78,0,0,0,0,0,1,0
-72,-80,-75,0,0,0,0,0,1,0
-72,-77,-75,0,0,0,0,0,1,0
-72,-77,-75,0,0,0,0,0,1,0
-72,-75,-75,0,0,0,0,0,1,0
-70,-75,-74,0,0,0,0,0,1,0
-70,-75,-73,0,0,0,0,0,1,0
-70,-75,-73,0,0,0,0,0,1,0
-70,-75,-73,0,0,0,0,0,1,0
-70,-75,-73,0,0,0,0,0,1,0
-69,-75,-73,0,0,0,0,0,1,0
-70,-75,-73,0,0,0,0,0,1,0
-71,-75,-76,0,0,0,0,0,1,0
-70,-77,-73,0,0,0,0,0,1,0
-69,-75,-73,0,0,0,0,0,1,0
-70,-75,-73,0,0,0,0,0,1,0
-70,-75,-73,0,0,0,0,0,1,0
-69,-75,-73,0,0,0,0,0,1,0
-70,-75,-73,0,0,0,0,0,1,0
-70,-75,-73,0,0,0,0,0,1,0
-69,-75,-73,0,0,0,0,0,1,0
-69,-75,-73,0,0,0,0,0,1,0
-70,-75,-73,0,0,0,0,0,1,0
-70,-75,-73,0,0,0,0,0,1,0
-70,-75,-73,0,0,0,0,0,1,0
-70,-75,-73,0,0,0,0,0,1,0
-70,-75,-73,0,0,0,0,0,1,0
-70,-75,-74,0,0,0,0,0,1,0
-69,-75,-73,0,0,0,0,0,1,0
-71,-75,-75,0,0,0,0,0,1,0
-71,-77,-75,0,0,0,0,0,1,0
-72,-77,-75,0,0,0,0,0,1,0
-71,-77,-75,0,0,0,0,0,1,0
-72,-77,-76,0,0,0,0,0,1,0
-70,-77,-75,0,0,0,0,0,1,0
-72,-76,-76,0,0,0,0,0,1,0
-72,-77,-75,0,0,0,0,0,1,0
-72,-77,-75,0,0,0,0,0,1,0
-71,-76,-75,0,0,0,0,0,1,0
-72,-77,-76,0,0,0,0,0,1,0
-72,-77,-75,0,0,0,0,0,1,0
-72,-77,-75,0,0,0,0,0,1,0
-72,-78,-73,0,0,0,0,0,1,0
-74,-80,-75,0,0,0,0,0,1,0
-74,-80,-75,0,0,0,0,0,1,0
-74,-80,-75,0,0,0,0,0,1,0
-74,-80,-75,0,0,0,0,0,1,0
-74,-80,-75,0,0,0,0,0,1,0
-74,-80,-75,0,0,0,0,0,1,0
-74,-80,-75,0,0,0,0,0,1,0
-74,-80,-75,0,0,0,0,0,1,0
-74,-80,-75,0,0,0,0,0,1,0
-74,-80,-76,0,0,0,0,0,1,0
-74,-80,-76,0,0,0,0,0,1,0
-74,-80,-75,0,0,0,0,0,1,0
-74,-80,-76,0,0,0,0,0,1,0
-74,-80,-75,0,0,0,0,0,1,0
-74,-79,-76,0,0,0,0,0,1,0
-74,-81,-74,0,0,0,0,0,1,0
-74,-80,-76,0,0,0,0,0,1,0
-74,-80,-76,0,0,0,0,0,1,0
-74,-80,-76,0,0,0,0,0,1,0
-74,-80,-76,0,0,0,0,0,1,0
-74,-80,-76,0,0,0,0,0,1,0
-75,-81,-76,0,0,0,0,0,1,0
-74,-80,-76,0,0,0,0,0,1,0
-74,-80,-76,0,0,0,0,0,1,0
-74,-80,-76,0,0,0,0,0,1,0
-74,-81,-76,0,0,0,0,0,1,0
-74,-80,-76,0,0,0,0,0,1,0
-74,-80,-76,0,0,0,0,0,1,0
-78,-94,-72,0,0,0,0,0,0,1
-78,-92,-71,0,0,0,0,0,0,1
-76,-95,-72,0,0,0,0,0,0,1
-74,-90,-66,0,0,0,0,0,0,1
-71,-88,-66,0,0,0,0,0,0,1
-73,-89,-66,0,0,0,0,0,0,1
-73,-89,-68,0,0,0,0,0,0,1
-72,-89,-68,0,0,0,0,0,0,1
-71,-90,-67,0,0,0,0,0,0,1
-72,-91,-66,0,0,0,0,0,0,1
-73,-91,-68,0,0,0,0,0,0,1
-71,-89,-66,0,0,0,0,0,0,1
-74,-91,-67,0,0,0,0,0,0,1
-72,-90,-67,0,0,0,0,0,0,1
-73,-82,-66,0,0,0,0,0,0,1
-74,-83,-67,0,0,0,0,0,0,1
-74,-84,-69,0,0,0,0,0,0,1
-74,-84,-68,0,0,0,0,0,0,1
-74,-83,-69,0,0,0,0,0,0,1
-74,-85,-69,0,0,0,0,0,0,1
-74,-84,-69,0,0,0,0,0,0,1
-74,-84,-69,0,0,0,0,0,0,1
-74,-84,-69,0,0,0,0,0,0,1
-74,-84,-69,0,0,0,0,0,0,1
-74,-84,-69,0,0,0,0,0,0,1
-74,-84,-69,0,0,0,0,0,0,1
-74,-84,-69,0,0,0,0,0,0,1
-74,-83,-69,0,0,0,0,0,0,1
-74,-84,-69,0,0,0,0,0,0,1
-74,-84,-69,0,0,0,0,0,0,1
-74,-84,-69,0,0,0,0,0,0,1
-74,-85,-69,0,0,0,0,0,0,1
-74,-84,-69,0,0,0,0,0,0,1
-74,-84,-69,0,0,0,0,0,0,1
-74,-84,-69,0,0,0,0,0,0,1
-74,-84,-69,0,0,0,0,0,0,1
-74,-83,-69,0,0,0,0,0,0,1
-74,-84,-69,0,0,0,0,0,0,1
-74,-83,-70,0,0,0,0,0,0,1
-74,-84,-69,0,0,0,0,0,0,1
-74,-83,-69,0,0,0,0,0,0,1
-74,-84,-69,0,0,0,0,0,0,1
-74,-84,-69,0,0,0,0,0,0,1
-74,-83,-69,0,0,0,0,0,0,1
-74,-83,-69,0,0,0,0,0,0,1
-74,-85,-69,0,0,0,0,0,0,1
-74,-85,-69,0,0,0,0,0,0,1
-72,-82,-67,0,0,0,0,0,0,1
-74,-82,-69,0,0,0,0,0,0,1
-74,-84,-69,0,0,0,0,0,0,1
-74,-84,-69,0,0,0,0,0,0,1
-74,-84,-69,0,0,0,0,0,0,1
-77,-84,-72,0,0,0,0,0,0,1
-75,-92,-73,0,0,0,0,0,0,1
-77,-93,-73,0,0,0,0,0,0,1
-78,-94,-72,0,0,0,0,0,0,1
-78,-94,-72,0,0,0,0,0,0,1
-77,-95,-72,0,0,0,0,0,0,1
-77,-90,-70,0,0,0,0,0,0,1
-77,-92,-71,0,0,0,0,0,0,1
-75,-94,-72,0,0,0,0,0,0,1
-78,-95,-73,0,0,0,0,0,0,1
-78,-95,-73,0,0,0,0,0,0,1
-77,-91,-71,0,0,0,0,0,0,1
-75,-93,-73,0,0,0,0,0,0,1
-78,-94,-72,0,0,0,0,0,0,1
-75,-92,-71,0,0,0,0,0,0,1
-77,-94,-73,0,0,0,0,0,0,1
-77,-92,-72,0,0,0,0,0,0,1
-78,-95,-72,0,0,0,0,0,0,1
-75,-92,-71,0,0,0,0,0,0,1
-77,-93,-72,0,0,0,0,0,0,1
-78,-94,-72,0,0,0,0,0,0,1
-78,-94,-73,0,0,0,0,0,0,1
-77,-95,-73,0,0,0,0,0,0,1
-73,-89,-68,0,0,0,0,0,0,1
-71,-89,-66,0,0,0,0,0,0,1
-72,-89,-66,0,0,0,0,0,0,1
-71,-89,-66,0,0,0,0,0,0,1
-72,-90,-67,0,0,0,0,0,0,1
-71,-89,-66,0,0,0,0,0,0,1
-72,-91,-68,0,0,0,0,0,0,1
-72,-90,-68,0,0,0,0,0,0,1
-72,-90,-68,0,0,0,0,0,0,1
-71,-90,-68,0,0,0,0,0,0,1
-74,-90,-68,0,0,0,0,0,0,1
-71,-91,-67,0,0,0,0,0,0,1
-74,-84,-69,0,0,0,0,0,0,1
-75,-84,-69,0,0,0,0,0,0,1
-74,-84,-69,0,0,0,0,0,0,1
-74,-83,-69,0,0,0,0,0,0,1
-75,-84,-69,0,0,0,0,0,0,1
-74,-84,-69,0,0,0,0,0,0,1
-72,-83,-67,0,0,0,0,0,0,1
-72,-84,-69,0,0,0,0,0,0,1
-74,-84,-69,0,0,0,0,0,0,1
-74,-84,-69,0,0,0,0,0,0,1
-74,-84,-69,0,0,0,0,0,0,1
-74,-84,-69,0,0,0,0,0,0,1
-74,-84,-69,0,0,0,0,0,0,1
-74,-84,-69,0,0,0,0,0,0,1
-74,-83,-69,0,0,0,0,0,0,1
-74,-84,-69,0,0,0,0,0,0,1
-74,-84,-69,0,0,0,0,0,0,1
-74,-83,-69,0,0,0,0,0,0,1
-74,-83,-69,0,0,0,0,0,0,1
-74,-84,-69,0,0,0,0,0,0,1
-74,-85,-69,0,0,0,0,0,0,1
-74,-84,-69,0,0,0,0,0,0,1
-74,-84,-69,0,0,0,0,0,0,1
-74,-83,-69,0,0,0,0,0,0,1
-72,-82,-69,0,0,0,0,0,0,1
-74,-84,-67,0,0,0,0,0,0,1
-74,-84,-69,0,0,0,0,0,0,1
-74,-84,-69,0,0,0,0,0,0,1
-74,-85,-69,0,0,0,0,0,0,1
-74,-84,-69,0,0,0,0,0,0,1
-74,-83,-69,0,0,0,0,0,0,1
-74,-84,-69,0,0,0,0,0,0,1
-74,-84,-69,0,0,0,0,0,0,1
-74,-84,-69,0,0,0,0,0,0,1
-74,-84,-69,0,0,0,0,0,0,1
-74,-82,-69,0,0,0,0,0,0,1
-74,-83,-72,0,0,0,0,0,0,1
-77,-94,-73,0,0,0,0,0,0,1
-78,-94,-73,0,0,0,0,0,0,1
-77,-92,-70,0,0,0,0,0,0,1
-76,-94,-71,0,0,0,0,0,0,1
-77,-95,-72,0,0,0,0,0,0,1
-77,-92,-72,0,0,0,0,0,0,1
-78,-95,-72,0,0,0,0,0,0,1
-77,-94,-73,0,0,0,0,0,0,1
-77,-95,-73,0,0,0,0,0,0,1
-77,-94,-73,0,0,0,0,0,0,1
-78,-94,-72,0,0,0,0,0,0,1
-78,-93,-72,0,0,0,0,0,0,1
-78,-95,-73,0,0,0,0,0,0,1
-78,-94,-72,0,0,0,0,0,0,1
-77,-94,-72,0,0,0,0,0,0,1
-78,-95,-74,0,0,0,0,0,0,1
-78,-92,-72,0,0,0,0,0,0,1
-77,-96,-72,0,0,0,0,0,0,1
-77,-93,-72,0,0,0,0,0,0,1
-77,-93,-70,0,0,0,0,0,0,1
-77,-92,-73,0,0,0,0,0,0,1
-77,-93,-72,0,0,0,0,0,0,1
-77,-96,-72,0,0,0,0,0,0,1
-78,-95,-73,0,0,0,0,0,0,1
-77,-94,-73,0,0,0,0,0,0,1
-78,-93,-72,0,0,0,0,0,0,1
-77,-91,-71,0,0,0,0,0,0,1
-77,-93,-72,0,0,0,0,0,0,1
-74,-90,-68,0,0,0,0,0,0,1
-73,-88,-68,0,0,0,0,0,0,1
-72,-89,-66,0,0,0,0,0,0,1
-72,-89,-66,0,0,0,0,0,0,1
-74,-90,-66,0,0,0,0,0,0,1
-74,-90,-67,0,0,0,0,0,0,1
-71,-90,-68,0,0,0,0,0,0,1
-71,-89,-68,0,0,0,0,0,0,1
-72,-90,-67,0,0,0,0,0,0,1
-74,-90,-66,0,0,0,0,0,0,1
-72,-89,-67,0,0,0,0,0,0,1
-71,-89,-67,0,0,0,0,0,0,1
-72,-82,-67,0,0,0,0,0,0,1
-74,-84,-69,0,0,0,0,0,0,1
-74,-84,-69,0,0,0,0,0,0,1
-74,-83,-69,0,0,0,0,0,0,1
-74,-84,-69,0,0,0,0,0,0,1
-74,-84,-69,0,0,0,0,0,0,1
-74,-84,-70,0,0,0,0,0,0,1
-74,-84,-69,0,0,0,0,0,0,1
-74,-84,-69,0,0,0,0,0,0,1
-74,-84,-69,0,0,0,0,0,0,1
-74,-84,-69,0,0,0,0,0,0,1
-74,-84,-69,0,0,0,0,0,0,1
-74,-84,-69,0,0,0,0,0,0,1
-74,-84,-69,0,0,0,0,0,0,1
-74,-84,-69,0,0,0,0,0,0,1
-74,-84,-69,0,0,0,0,0,0,1
-74,-83,-69,0,0,0,0,0,0,1
-74,-84,-69,0,0,0,0,0,0,1
-74,-83,-69,0,0,0,0,0,0,1
-74,-85,-69,0,0,0,0,0,0,1
-74,-84,-69,0,0,0,0,0,0,1
-74,-84,-69,0,0,0,0,0,0,1
-74,-83,-69,0,0,0,0,0,0,1
-74,-84,-69,0,0,0,0,0,0,1
-74,-84,-69,0,0,0,0,0,0,1
-74,-84,-69,0,0,0,0,0,0,1
-74,-84,-69,0,0,0,0,0,0,1
-74,-85,-69,0,0,0,0,0,0,1
-74,-83,-69,0,0,0,0,0,0,1
-74,-84,-69,0,0,0,0,0,0,1
-75,-84,-69,0,0,0,0,0,0,1
-74,-84,-69,0,0,0,0,0,0,1
-74,-84,-69,0,0,0,0,0,0,1
-74,-84,-69,0,0,0,0,0,0,1
-74,-84,-69,0,0,0,0,0,0,1
-74,-84,-69,0,0,0,0,0,0,1
